run_id,rep_id,A_level,B_level,C_level,D_level,population_size,crossover_prob,mutation_prob,initial_temp,seed,time_sec,n_solutions,igd,gd,hv
0,0,1,1,1,1,50,0.7,0.05,100,20250101,5.807793379,20,0.701493475,0.653922752,0.081835524
0,1,1,1,1,1,50,0.7,0.05,100,20250102,5.817033052,19,0.686126789,0.607463534,0.073612507
0,2,1,1,1,1,50,0.7,0.05,100,20250103,5.740839481,26,0.58056215,0.433829798,0.120710109
0,3,1,1,1,1,50,0.7,0.05,100,20250104,5.890158653,33,0.852670523,1.049028814,0.0007219
0,4,1,1,1,1,50,0.7,0.05,100,20250105,10.78093863,32,0.595764634,0.530510907,0.156419627
0,5,1,1,1,1,50,0.7,0.05,100,20250106,16.21350527,9,0.700740163,0.72086308,0.030713322
0,6,1,1,1,1,50,0.7,0.05,100,20250107,5.407314777,20,0.4566501,0.331793871,0.238585616
0,7,1,1,1,1,50,0.7,0.05,100,20250108,5.425872564,13,0.938170956,0.72110998,0
0,8,1,1,1,1,50,0.7,0.05,100,20250109,5.685720444,7,0.80503292,0.646156087,0.02310673
0,9,1,1,1,1,50,0.7,0.05,100,20250110,5.914592505,53,0.679355777,0.506656771,0.085460793
0,10,1,1,1,1,50,0.7,0.05,100,20250111,5.480295181,29,0.970206797,0.992615562,0.003720348
0,11,1,1,1,1,50,0.7,0.05,100,20250112,6.003949404,22,0.555632646,0.559040282,0.121902291
0,12,1,1,1,1,50,0.7,0.05,100,20250113,5.510287762,18,0.477137768,0.347512878,0.211270975
0,13,1,1,1,1,50,0.7,0.05,100,20250114,5.964954853,12,0.680833253,0.472826691,0.092403197
0,14,1,1,1,1,50,0.7,0.05,100,20250115,5.160481453,7,0.589975953,0.461112677,0.159513993
0,15,1,1,1,1,50,0.7,0.05,100,20250116,5.773176908,24,0.67639336,0.57724031,0.070730072
0,16,1,1,1,1,50,0.7,0.05,100,20250117,5.534492254,11,0.595202836,0.460239369,0.116790654
0,17,1,1,1,1,50,0.7,0.05,100,20250118,4.963351965,8,1.109141717,0.710304528,0
0,18,1,1,1,1,50,0.7,0.05,100,20250119,5.832607746,13,0.718279084,0.58428681,0.060547165
0,19,1,1,1,1,50,0.7,0.05,100,20250120,5.813394785,20,0.86258019,0.906914642,0.009982532
0,20,1,1,1,1,50,0.7,0.05,100,20250121,5.844475031,16,0.713628804,0.656224158,0.063284305
0,21,1,1,1,1,50,0.7,0.05,100,20250122,5.361035824,25,0.797718156,0.529602311,0.024189496
0,22,1,1,1,1,50,0.7,0.05,100,20250123,6.046705961,45,0.688454928,0.505370548,0.056012785
0,23,1,1,1,1,50,0.7,0.05,100,20250124,5.548670292,20,0.535728382,0.343927228,0.19740427
0,24,1,1,1,1,50,0.7,0.05,100,20250125,5.476114988,7,0.506482073,0.293620371,0.245077768
0,25,1,1,1,1,50,0.7,0.05,100,20250126,5.706005573,6,0.919998942,0.865368815,0.00196981
0,26,1,1,1,1,50,0.7,0.05,100,20250127,5.511450052,73,0.732480353,0.631705908,0.052027538
0,27,1,1,1,1,50,0.7,0.05,100,20250128,5.421093225,20,0.646514002,0.508851185,0.119514485
0,28,1,1,1,1,50,0.7,0.05,100,20250129,5.442415953,24,0.66889398,0.54488558,0.083922367
0,29,1,1,1,1,50,0.7,0.05,100,20250130,5.540814638,10,1.002155989,0.797537413,0
1,0,1,2,2,2,50,0.8,0.1,300,20251101,5.604195118,22,0.677105455,0.65261834,0.065542748
1,1,1,2,2,2,50,0.8,0.1,300,20251102,5.148270369,23,0.538566792,0.41177182,0.155458891
1,2,1,2,2,2,50,0.8,0.1,300,20251103,4.580997229,9,0.776657082,0.641454749,0.046811404
1,3,1,2,2,2,50,0.8,0.1,300,20251104,5.649017096,22,0.527577566,0.352205967,0.226507106
1,4,1,2,2,2,50,0.8,0.1,300,20251105,5.105454683,14,0.584987997,0.481107281,0.13564714
1,5,1,2,2,2,50,0.8,0.1,300,20251106,5.518597841,18,0.552358278,0.29616525,0.142203047
1,6,1,2,2,2,50,0.8,0.1,300,20251107,5.508699179,22,0.559054824,0.37231354,0.160640093
1,7,1,2,2,2,50,0.8,0.1,300,20251108,5.374688625,28,0.61730254,0.443962396,0.121222951
1,8,1,2,2,2,50,0.8,0.1,300,20251109,5.556870461,22,0.688458505,0.529117077,0.078708729
1,9,1,2,2,2,50,0.8,0.1,300,20251110,5.455443144,41,0.437417376,0.266865723,0.272016637
1,10,1,2,2,2,50,0.8,0.1,300,20251111,5.914685488,34,0.844217867,0.679109363,0.011829784
1,11,1,2,2,2,50,0.8,0.1,300,20251112,5.96644187,33,0.599977599,0.638000076,0.142064925
1,12,1,2,2,2,50,0.8,0.1,300,20251113,5.411868572,61,0.818741036,0.677445718,0.028439085
1,13,1,2,2,2,50,0.8,0.1,300,20251114,5.944332123,81,0.926077664,0.734040661,0
1,14,1,2,2,2,50,0.8,0.1,300,20251115,11.75321674,6,0.407047137,0.271868537,0.290355992
1,15,1,2,2,2,50,0.8,0.1,300,20251116,14.64030576,8,0.74102823,0.630733762,0.0696424
1,16,1,2,2,2,50,0.8,0.1,300,20251117,6.062023401,40,0.507097634,0.460722248,0.171528141
1,17,1,2,2,2,50,0.8,0.1,300,20251118,6.00259614,22,0.795163163,0.600795876,0.037731584
1,18,1,2,2,2,50,0.8,0.1,300,20251119,5.547349453,35,0.473122218,0.374756219,0.285965288
1,19,1,2,2,2,50,0.8,0.1,300,20251120,6.011033535,24,0.520275744,0.392490824,0.194810366
1,20,1,2,2,2,50,0.8,0.1,300,20251121,5.893129826,33,0.685163,0.605165502,0.068960819
1,21,1,2,2,2,50,0.8,0.1,300,20251122,5.819857597,36,0.646382962,0.570650415,0.101482084
1,22,1,2,2,2,50,0.8,0.1,300,20251123,6.062081099,31,0.642889356,0.49005451,0.113426301
1,23,1,2,2,2,50,0.8,0.1,300,20251124,5.876480103,44,0.543248886,0.436717424,0.183190753
1,24,1,2,2,2,50,0.8,0.1,300,20251125,5.660933733,17,0.754787213,0.632691536,0.041183951
1,25,1,2,2,2,50,0.8,0.1,300,20251126,5.566194296,12,0.806681496,0.638769079,0.037684501
1,26,1,2,2,2,50,0.8,0.1,300,20251127,5.7991364,13,0.397472795,0.193072611,0.328463181
1,27,1,2,2,2,50,0.8,0.1,300,20251128,5.917341709,12,0.612816113,0.468839555,0.123909327
1,28,1,2,2,2,50,0.8,0.1,300,20251129,5.94055891,38,0.8220212,0.683739572,0.011498743
1,29,1,2,2,2,50,0.8,0.1,300,20251130,5.085713387,15,0.577838758,0.346447914,0.161631247
2,0,1,3,3,3,50,0.9,0.15,500,20252101,5.449459314,7,0.557398466,0.396467676,0.198271696
2,1,1,3,3,3,50,0.9,0.15,500,20252102,5.951950312,34,0.856843662,0.908369172,0
2,2,1,3,3,3,50,0.9,0.15,500,20252103,5.851172924,22,0.518511886,0.489559721,0.237277771
2,3,1,3,3,3,50,0.9,0.15,500,20252104,6.148566723,74,0.64269502,0.464116789,0.074161762
2,4,1,3,3,3,50,0.9,0.15,500,20252105,5.832438231,20,0.395838566,0.307701759,0.291756887
2,5,1,3,3,3,50,0.9,0.15,500,20252106,5.908435106,65,0.460739097,0.337170718,0.237899494
2,6,1,3,3,3,50,0.9,0.15,500,20252107,6.281844616,36,0.808127511,0.867702463,0.014585101
2,7,1,3,3,3,50,0.9,0.15,500,20252108,6.333048105,31,0.595925582,0.466214961,0.122577115
2,8,1,3,3,3,50,0.9,0.15,500,20252109,6.257588625,17,0.692662184,0.657111595,0.074902631
2,9,1,3,3,3,50,0.9,0.15,500,20252110,5.789404154,28,0.533838584,0.233774079,0.199200049
2,10,1,3,3,3,50,0.9,0.15,500,20252111,5.728823662,30,0.432162372,0.230715701,0.324045723
2,11,1,3,3,3,50,0.9,0.15,500,20252112,5.096638203,4,0.417339124,0.213548783,0.257284759
2,12,1,3,3,3,50,0.9,0.15,500,20252113,5.92305994,39,0.782628217,0.618160471,0.036325221
2,13,1,3,3,3,50,0.9,0.15,500,20252114,5.753970861,18,0.46301545,0.341760331,0.263840371
2,14,1,3,3,3,50,0.9,0.15,500,20252115,5.768594503,28,0.631487542,0.549618682,0.099680727
2,15,1,3,3,3,50,0.9,0.15,500,20252116,5.946866989,57,0.505211211,0.349026863,0.219108805
2,16,1,3,3,3,50,0.9,0.15,500,20252117,10.69528723,22,0.855896998,0.69372221,0.012796158
2,17,1,3,3,3,50,0.9,0.15,500,20252118,16.81492424,71,0.651218398,0.637851641,0.088983058
2,18,1,3,3,3,50,0.9,0.15,500,20252119,6.483377934,41,0.709002777,0.438062596,0.046422212
2,19,1,3,3,3,50,0.9,0.15,500,20252120,6.272750854,71,0.417272165,0.32662101,0.266674324
2,20,1,3,3,3,50,0.9,0.15,500,20252121,6.473891258,53,0.554270325,0.414504526,0.141736185
2,21,1,3,3,3,50,0.9,0.15,500,20252122,6.318271637,25,0.640684701,0.522850442,0.10143724
2,22,1,3,3,3,50,0.9,0.15,500,20252123,6.205766439,44,0.731783228,0.672379624,0.045135947
2,23,1,3,3,3,50,0.9,0.15,500,20252124,5.962952614,36,0.619257439,0.502784323,0.125994536
2,24,1,3,3,3,50,0.9,0.15,500,20252125,5.826627254,17,0.672090068,0.542204471,0.100445215
2,25,1,3,3,3,50,0.9,0.15,500,20252126,5.960392475,48,0.592573983,0.782174258,0.10748254
2,26,1,3,3,3,50,0.9,0.15,500,20252127,5.898285389,36,0.395575501,0.296248057,0.218059497
2,27,1,3,3,3,50,0.9,0.15,500,20252128,6.208918333,75,0.667948808,0.578765173,0.067886265
2,28,1,3,3,3,50,0.9,0.15,500,20252129,5.992327452,8,0.67271836,0.562080208,0.080147518
2,29,1,3,3,3,50,0.9,0.15,500,20252130,6.159450769,32,0.431396783,0.370582145,0.281936602
3,0,1,4,4,4,50,0.95,0.2,1000,20253101,5.770341396,45,0.48531844,0.352923884,0.213517626
3,1,1,4,4,4,50,0.95,0.2,1000,20253102,5.855516434,30,0.522096778,0.530301245,0.132625197
3,2,1,4,4,4,50,0.95,0.2,1000,20253103,5.881663561,36,0.432157652,0.40291891,0.239197902
3,3,1,4,4,4,50,0.95,0.2,1000,20253104,6.036997795,50,0.552066987,0.502956854,0.188239718
3,4,1,4,4,4,50,0.95,0.2,1000,20253105,6.24464035,26,0.443468221,0.384500941,0.231964841
3,5,1,4,4,4,50,0.95,0.2,1000,20253106,5.994719744,21,0.578708005,0.494631746,0.111590067
3,6,1,4,4,4,50,0.95,0.2,1000,20253107,6.561106205,27,0.660963332,0.646415418,0.091731038
3,7,1,4,4,4,50,0.95,0.2,1000,20253108,6.435116053,24,0.613721695,0.459097624,0.115295682
3,8,1,4,4,4,50,0.95,0.2,1000,20253109,6.27773881,58,0.462646326,0.303305963,0.243910778
3,9,1,4,4,4,50,0.95,0.2,1000,20253110,6.191162348,52,0.692429985,0.58025271,0.046988682
3,10,1,4,4,4,50,0.95,0.2,1000,20253111,6.874415874,12,1.063024526,1.003179478,0
3,11,1,4,4,4,50,0.95,0.2,1000,20253112,5.698593855,32,0.497351415,0.378640458,0.169595334
3,12,1,4,4,4,50,0.95,0.2,1000,20253113,5.815923214,68,0.644180562,0.445863367,0.092177518
3,13,1,4,4,4,50,0.95,0.2,1000,20253114,5.890006065,28,0.487094732,0.447497506,0.217489072
3,14,1,4,4,4,50,0.95,0.2,1000,20253115,5.895762205,36,0.500215705,0.434478472,0.139685235
3,15,1,4,4,4,50,0.95,0.2,1000,20253116,5.974912405,10,0.636519641,0.424537056,0.114093806
3,16,1,4,4,4,50,0.95,0.2,1000,20253117,5.581870317,24,0.573435617,0.334000732,0.173759149
3,17,1,4,4,4,50,0.95,0.2,1000,20253118,6.005008221,31,0.547309496,0.351491286,0.17389222
3,18,1,4,4,4,50,0.95,0.2,1000,20253119,12.55976844,47,0.636831537,0.575946329,0.132858701
3,19,1,4,4,4,50,0.95,0.2,1000,20253120,14.45273876,19,0.665047253,0.503901516,0.10215466
3,20,1,4,4,4,50,0.95,0.2,1000,20253121,6.150231123,22,0.413631686,0.302082266,0.262709807
3,21,1,4,4,4,50,0.95,0.2,1000,20253122,6.06841588,40,0.470463002,0.319677126,0.261814136
3,22,1,4,4,4,50,0.95,0.2,1000,20253123,5.942496538,43,0.598958982,0.463905465,0.122306916
3,23,1,4,4,4,50,0.95,0.2,1000,20253124,5.894558907,39,0.337782504,0.298717481,0.378891245
3,24,1,4,4,4,50,0.95,0.2,1000,20253125,6.256168842,40,0.698385112,0.590457896,0.056662623
3,25,1,4,4,4,50,0.95,0.2,1000,20253126,5.953588963,54,0.519220261,0.392710173,0.197540605
3,26,1,4,4,4,50,0.95,0.2,1000,20253127,6.184941053,34,0.473366135,0.383615025,0.246170659
3,27,1,4,4,4,50,0.95,0.2,1000,20253128,5.877360821,39,0.388405397,0.286080558,0.346562131
3,28,1,4,4,4,50,0.95,0.2,1000,20253129,5.913504839,59,0.537551575,0.436196962,0.162087859
3,29,1,4,4,4,50,0.95,0.2,1000,20253130,6.142613173,28,0.471978473,0.359997032,0.215510259
4,0,2,1,2,3,100,0.7,0.1,500,20254101,10.89994907,10,0.575861119,0.462042447,0.112307776
4,1,2,1,2,3,100,0.7,0.1,500,20254102,11.02009535,87,0.461251092,0.271040486,0.272521373
4,2,2,1,2,3,100,0.7,0.1,500,20254103,10.65674996,53,0.426411658,0.280099161,0.247349608
4,3,2,1,2,3,100,0.7,0.1,500,20254104,9.836470604,32,0.618637911,0.247929228,0.137129659
4,4,2,1,2,3,100,0.7,0.1,500,20254105,11.18539929,28,0.437293994,0.305973791,0.265379576
4,5,2,1,2,3,100,0.7,0.1,500,20254106,11.3803308,48,0.487269564,0.355728128,0.175295081
4,6,2,1,2,3,100,0.7,0.1,500,20254107,11.47191072,8,0.329811459,0.288019897,0.467869734
4,7,2,1,2,3,100,0.7,0.1,500,20254108,11.53720021,14,0.354152111,0.129202163,0.458737473
4,8,2,1,2,3,100,0.7,0.1,500,20254109,11.11904931,18,0.407369817,0.306462612,0.197506583
4,9,2,1,2,3,100,0.7,0.1,500,20254110,11.08127737,35,0.641587772,0.644361844,0.093916247
4,10,2,1,2,3,100,0.7,0.1,500,20254111,11.95705748,38,0.612968102,0.497133703,0.135030406
4,11,2,1,2,3,100,0.7,0.1,500,20254112,11.44794917,37,0.396439779,0.547665594,0.277444847
4,12,2,1,2,3,100,0.7,0.1,500,20254113,11.23318553,41,0.512582139,0.416293244,0.229528405
4,13,2,1,2,3,100,0.7,0.1,500,20254114,11.01890826,19,0.458054753,0.477537707,0.241501324
4,14,2,1,2,3,100,0.7,0.1,500,20254115,11.24899149,71,0.873942211,0.755019356,0.004750367
4,15,2,1,2,3,100,0.7,0.1,500,20254116,11.10532546,31,0.308113949,0.180591783,0.39178746
4,16,2,1,2,3,100,0.7,0.1,500,20254117,11.41737556,17,0.723791963,0.597646845,0.022551704
4,17,2,1,2,3,100,0.7,0.1,500,20254118,18.67087317,69,0.432369547,0.364891524,0.250112778
4,18,2,1,2,3,100,0.7,0.1,500,20254119,18.20662498,43,0.506256507,0.400308488,0.2105215
4,19,2,1,2,3,100,0.7,0.1,500,20254120,10.86710048,33,0.657647273,0.635075735,0.061731077
4,20,2,1,2,3,100,0.7,0.1,500,20254121,11.13590479,50,0.673904069,0.510029512,0.083127692
4,21,2,1,2,3,100,0.7,0.1,500,20254122,10.97155142,41,0.376620085,0.340776526,0.356631406
4,22,2,1,2,3,100,0.7,0.1,500,20254123,10.98955297,36,0.81988617,0.673917131,0.013977438
4,23,2,1,2,3,100,0.7,0.1,500,20254124,10.86547875,23,0.559548056,0.546335917,0.120720317
4,24,2,1,2,3,100,0.7,0.1,500,20254125,11.73943615,81,0.666107142,0.58587074,0.062937968
4,25,2,1,2,3,100,0.7,0.1,500,20254126,11.46691799,36,0.776467482,1.05114471,0.029913124
4,26,2,1,2,3,100,0.7,0.1,500,20254127,11.76192188,19,0.420002624,0.360273793,0.249874408
4,27,2,1,2,3,100,0.7,0.1,500,20254128,11.06261444,14,0.429001345,0.227096443,0.318869802
4,28,2,1,2,3,100,0.7,0.1,500,20254129,10.88556385,35,0.328109631,0.248377148,0.389663048
4,29,2,1,2,3,100,0.7,0.1,500,20254130,10.69071627,42,0.497560008,0.341702912,0.223213653
5,0,2,2,1,4,100,0.8,0.05,1000,20255101,11.17120719,11,0.419070834,0.375094568,0.28414172
5,1,2,2,1,4,100,0.8,0.05,1000,20255102,11.19019127,14,0.295571132,0.268626992,0.383819755
5,2,2,2,1,4,100,0.8,0.05,1000,20255103,11.49793577,50,0.50228287,0.453429908,0.199596047
5,3,2,2,1,4,100,0.8,0.05,1000,20255104,11.54061198,33,0.391954331,0.248525406,0.332228287
5,4,2,2,1,4,100,0.8,0.05,1000,20255105,11.53089786,56,0.458739542,0.424570375,0.218230781
5,5,2,2,1,4,100,0.8,0.05,1000,20255106,11.97556877,36,0.527089497,0.440074931,0.118953021
5,6,2,2,1,4,100,0.8,0.05,1000,20255107,16.56095958,70,0.360697287,0.168029708,0.391556885
5,7,2,2,1,4,100,0.8,0.05,1000,20255108,20.55650067,8,0.468492125,0.284899974,0.233787508
5,8,2,2,1,4,100,0.8,0.05,1000,20255109,10.84343338,35,0.614253301,0.422935497,0.122472613
5,9,2,2,1,4,100,0.8,0.05,1000,20255110,10.8673439,110,0.449437942,0.321095578,0.283347273
5,10,2,2,1,4,100,0.8,0.05,1000,20255111,10.96838236,50,0.521224911,0.35405915,0.201270951
5,11,2,2,1,4,100,0.8,0.05,1000,20255112,11.03923702,22,0.561202756,0.416541127,0.136535446
5,12,2,2,1,4,100,0.8,0.05,1000,20255113,10.61283755,29,0.691889867,0.635054417,0.070237007
5,13,2,2,1,4,100,0.8,0.05,1000,20255114,10.58961129,5,0.582943961,0.252778147,0.149033002
5,14,2,2,1,4,100,0.8,0.05,1000,20255115,11.10829473,79,0.442501944,0.290240478,0.25241781
5,15,2,2,1,4,100,0.8,0.05,1000,20255116,11.01836014,22,0.585092408,0.682767205,0.150238695
5,16,2,2,1,4,100,0.8,0.05,1000,20255117,11.20863819,46,0.519300654,0.431633732,0.172618808
5,17,2,2,1,4,100,0.8,0.05,1000,20255118,11.83629251,20,0.530366376,0.47592502,0.165766421
5,18,2,2,1,4,100,0.8,0.05,1000,20255119,11.05103612,37,0.646827878,0.576766592,0.094634886
5,19,2,2,1,4,100,0.8,0.05,1000,20255120,11.23830485,54,0.631477977,0.588510307,0.095572697
5,20,2,2,1,4,100,0.8,0.05,1000,20255121,26.47183323,60,0.640183386,0.556681333,0.117569375
5,21,2,2,1,4,100,0.8,0.05,1000,20255122,11.08407784,22,0.646967492,0.675026014,0.082015847
5,22,2,2,1,4,100,0.8,0.05,1000,20255123,10.97955346,11,0.77446988,0.878800501,0.040714414
5,23,2,2,1,4,100,0.8,0.05,1000,20255124,11.04896641,40,0.557737944,0.454472433,0.104848238
5,24,2,2,1,4,100,0.8,0.05,1000,20255125,10.49067783,8,0.465036407,0.226656696,0.260973564
5,25,2,2,1,4,100,0.8,0.05,1000,20255126,11.03597808,37,0.375363465,0.287605417,0.333250699
5,26,2,2,1,4,100,0.8,0.05,1000,20255127,10.72576785,7,0.333617029,0.23753417,0.307911808
5,27,2,2,1,4,100,0.8,0.05,1000,20255128,10.45533156,6,0.525578544,0.357925999,0.10714255
5,28,2,2,1,4,100,0.8,0.05,1000,20255129,10.3478694,7,0.613074743,0.397780176,0.140266989
5,29,2,2,1,4,100,0.8,0.05,1000,20255130,11.44456768,51,0.536139537,0.577409685,0.170686117
6,0,2,3,4,1,100,0.9,0.2,100,20256101,10.91696572,57,0.463042935,0.285152624,0.263867386
6,1,2,3,4,1,100,0.9,0.2,100,20256102,10.95736313,24,0.328270698,0.309944775,0.398335879
6,2,2,3,4,1,100,0.9,0.2,100,20256103,11.2208159,85,0.360503289,0.22095211,0.423127983
6,3,2,3,4,1,100,0.9,0.2,100,20256104,11.28537035,39,0.39774162,0.188920496,0.376184928
6,4,2,3,4,1,100,0.9,0.2,100,20256105,11.90326929,36,0.345990113,0.321760655,0.331357438
6,5,2,3,4,1,100,0.9,0.2,100,20256106,11.49807882,25,0.453478468,0.324794575,0.239697145
6,6,2,3,4,1,100,0.9,0.2,100,20256107,18.32497835,27,0.415450145,0.327516423,0.242305432
6,7,2,3,4,1,100,0.9,0.2,100,20256108,18.85541415,101,0.360796011,0.223213514,0.408893377
6,8,2,3,4,1,100,0.9,0.2,100,20256109,10.95097613,31,0.359782216,0.079938203,0.741014246
6,9,2,3,4,1,100,0.9,0.2,100,20256110,10.94362378,51,0.337537641,0.152441976,0.429653489
6,10,2,3,4,1,100,0.9,0.2,100,20256111,10.95282435,45,0.423754082,0.443752124,0.262862788
6,11,2,3,4,1,100,0.9,0.2,100,20256112,11.13212204,97,0.497622711,0.239745181,0.244987948
6,12,2,3,4,1,100,0.9,0.2,100,20256113,10.8431344,36,0.56378466,0.48052888,0.14916506
6,13,2,3,4,1,100,0.9,0.2,100,20256114,11.07188153,45,0.218642126,0.164304896,0.53077581
6,14,2,3,4,1,100,0.9,0.2,100,20256115,11.37624097,66,0.384799875,0.266293497,0.333104597
6,15,2,3,4,1,100,0.9,0.2,100,20256116,11.48632503,67,0.335588402,0.209147825,0.391033297
6,16,2,3,4,1,100,0.9,0.2,100,20256117,11.13785625,15,0.621890917,0.568366185,0.117875969
6,17,2,3,4,1,100,0.9,0.2,100,20256118,11.37892795,44,0.383268503,0.205692126,0.380218528
6,18,2,3,4,1,100,0.9,0.2,100,20256119,12.017133,33,0.524183918,0.356373414,0.215020893
6,19,2,3,4,1,100,0.9,0.2,100,20256120,11.04050183,101,0.516353331,0.383178335,0.20866816
6,20,2,3,4,1,100,0.9,0.2,100,20256121,10.91360545,71,0.331896916,0.151609189,0.534439606
6,21,2,3,4,1,100,0.9,0.2,100,20256122,10.95017171,58,0.446059702,0.253950949,0.281271867
6,22,2,3,4,1,100,0.9,0.2,100,20256123,10.97076058,35,0.667873942,0.564942898,0.06821371
6,23,2,3,4,1,100,0.9,0.2,100,20256124,16.61503792,26,0.526298445,0.505368347,0.187002489
6,24,2,3,4,1,100,0.9,0.2,100,20256125,10.30215359,48,0.389457862,0.181876545,0.347792705
6,25,2,3,4,1,100,0.9,0.2,100,20256126,9.716132164,130,0.407482093,0.311656751,0.298652678
6,26,2,3,4,1,100,0.9,0.2,100,20256127,9.290804863,36,0.407945679,0.20044817,0.292901576
6,27,2,3,4,1,100,0.9,0.2,100,20256128,9.559225798,26,0.342694108,0.260854738,0.370221522
6,28,2,3,4,1,100,0.9,0.2,100,20256129,9.581711531,105,0.428020927,0.365432137,0.248601202
6,29,2,3,4,1,100,0.9,0.2,100,20256130,9.449494123,32,0.390572575,0.331897269,0.255104523
7,0,2,4,3,2,100,0.95,0.15,300,20257101,9.875308514,122,0.367462231,0.360411415,0.323099355
7,1,2,4,3,2,100,0.95,0.15,300,20257102,9.752354622,84,0.580756597,0.469274999,0.136906414
7,2,2,4,3,2,100,0.95,0.15,300,20257103,9.535780191,48,0.516361561,0.54766541,0.187367891
7,3,2,4,3,2,100,0.95,0.15,300,20257104,9.505417824,42,0.370183766,0.290924664,0.452668952
7,4,2,4,3,2,100,0.95,0.15,300,20257105,9.451796532,25,0.453226714,0.274995852,0.271710502
7,5,2,4,3,2,100,0.95,0.15,300,20257106,9.356790066,57,0.460832582,0.319802571,0.246082722
7,6,2,4,3,2,100,0.95,0.15,300,20257107,9.460401773,35,0.565930221,0.440567275,0.113500099
7,7,2,4,3,2,100,0.95,0.15,300,20257108,9.61352706,23,0.475080497,0.288464698,0.251408453
7,8,2,4,3,2,100,0.95,0.15,300,20257109,9.463856936,66,0.598751,0.450503468,0.096868145
7,9,2,4,3,2,100,0.95,0.15,300,20257110,9.610526562,63,0.387905194,0.260710074,0.302406979
7,10,2,4,3,2,100,0.95,0.15,300,20257111,9.484796286,96,0.370479897,0.296199868,0.34128985
7,11,2,4,3,2,100,0.95,0.15,300,20257112,9.464412928,27,0.398508495,0.291000347,0.259794305
7,12,2,4,3,2,100,0.95,0.15,300,20257113,9.532725334,39,0.299047803,0.18443029,0.396361128
7,13,2,4,3,2,100,0.95,0.15,300,20257114,9.60392189,52,0.39721921,0.301191097,0.315046928
7,14,2,4,3,2,100,0.95,0.15,300,20257115,9.627661943,72,0.504386353,0.385814027,0.208060453
7,15,2,4,3,2,100,0.95,0.15,300,20257116,9.491036415,44,0.530705373,0.358475969,0.198029244
7,16,2,4,3,2,100,0.95,0.15,300,20257117,9.772785187,52,0.371328331,0.254513696,0.29733163
7,17,2,4,3,2,100,0.95,0.15,300,20257118,9.489753485,36,0.403573127,0.256985073,0.388360455
7,18,2,4,3,2,100,0.95,0.15,300,20257119,9.349920511,38,0.378952034,0.314799263,0.344227213
7,19,2,4,3,2,100,0.95,0.15,300,20257120,9.510772467,44,0.713438055,0.75054226,0.045674686
7,20,2,4,3,2,100,0.95,0.15,300,20257121,9.560043335,69,0.308029513,0.276223417,0.369626525
7,21,2,4,3,2,100,0.95,0.15,300,20257122,9.578672409,43,0.341716584,0.423128871,0.385057307
7,22,2,4,3,2,100,0.95,0.15,300,20257123,9.504698992,86,0.478253673,0.406342872,0.230557257
7,23,2,4,3,2,100,0.95,0.15,300,20257124,9.592512131,68,0.543246414,0.499808094,0.189288593
7,24,2,4,3,2,100,0.95,0.15,300,20257125,9.475844622,74,0.434421286,0.357982219,0.25854759
7,25,2,4,3,2,100,0.95,0.15,300,20257126,9.533077955,40,0.399345066,0.314687273,0.263087283
7,26,2,4,3,2,100,0.95,0.15,300,20257127,9.336406946,15,0.53216566,0.228534106,0.149025713
7,27,2,4,3,2,100,0.95,0.15,300,20257128,9.52358222,85,0.411637429,0.384640023,0.304472044
7,28,2,4,3,2,100,0.95,0.15,300,20257129,9.514559746,28,0.284253382,0.167490048,0.489489756
7,29,2,4,3,2,100,0.95,0.15,300,20257130,9.546747923,34,0.433845197,0.401715061,0.271389079
8,0,3,1,3,4,150,0.7,0.15,1000,20258101,14.8277626,90,0.374639646,0.312639768,0.403437966
8,1,3,1,3,4,150,0.7,0.15,1000,20258102,14.83829856,23,0.580950185,0.322034125,0.163863925
8,2,3,1,3,4,150,0.7,0.15,1000,20258103,15.42350554,105,0.287075677,0.19268288,0.45368528
8,3,3,1,3,4,150,0.7,0.15,1000,20258104,14.91150427,25,0.338173612,0.213629152,0.488271337
8,4,3,1,3,4,150,0.7,0.15,1000,20258105,14.96662426,59,0.498277186,0.346885329,0.220161782
8,5,3,1,3,4,150,0.7,0.15,1000,20258106,14.81951928,67,0.549479349,0.512940818,0.154587895
8,6,3,1,3,4,150,0.7,0.15,1000,20258107,14.85887933,45,0.400075176,0.382135898,0.265298014
8,7,3,1,3,4,150,0.7,0.15,1000,20258108,15.10278821,56,0.42484619,0.412938406,0.313463659
8,8,3,1,3,4,150,0.7,0.15,1000,20258109,15.02050066,47,0.451539709,0.388889187,0.205163369
8,9,3,1,3,4,150,0.7,0.15,1000,20258110,14.82942748,40,0.315848815,0.216058835,0.418630739
8,10,3,1,3,4,150,0.7,0.15,1000,20258111,14.45910883,40,0.452559959,0.296150759,0.252097561
8,11,3,1,3,4,150,0.7,0.15,1000,20258112,14.98633432,8,0.417392707,0.179990467,0.425144833
8,12,3,1,3,4,150,0.7,0.15,1000,20258113,14.87590337,16,0.517960586,0.404305779,0.195336003
8,13,3,1,3,4,150,0.7,0.15,1000,20258114,14.79007101,61,0.491536337,0.384405608,0.205728079
8,14,3,1,3,4,150,0.7,0.15,1000,20258115,14.91767907,9,0.349232129,0.187969762,0.359962227
8,15,3,1,3,4,150,0.7,0.15,1000,20258116,15.05034232,32,0.427527811,0.276804715,0.263203859
8,16,3,1,3,4,150,0.7,0.15,1000,20258117,15.21923923,79,0.534734337,0.55739334,0.170758324
8,17,3,1,3,4,150,0.7,0.15,1000,20258118,14.94585848,105,0.320997578,0.109150484,0.469587809
8,18,3,1,3,4,150,0.7,0.15,1000,20258119,15.01091194,54,0.533041021,0.414175298,0.160019901
8,19,3,1,3,4,150,0.7,0.15,1000,20258120,14.90171409,79,0.330921494,0.360514919,0.317778179
8,20,3,1,3,4,150,0.7,0.15,1000,20258121,14.98582029,20,0.384481847,0.279665855,0.328117493
8,21,3,1,3,4,150,0.7,0.15,1000,20258122,15.18155146,90,0.316895434,0.169903192,0.619254015
8,22,3,1,3,4,150,0.7,0.15,1000,20258123,15.04378986,44,0.355472625,0.281849625,0.348418867
8,23,3,1,3,4,150,0.7,0.15,1000,20258124,14.97804332,61,0.399099828,0.239203114,0.370220441
8,24,3,1,3,4,150,0.7,0.15,1000,20258125,14.97811937,26,0.40717696,0.204377619,0.484851834
8,25,3,1,3,4,150,0.7,0.15,1000,20258126,15.19412255,71,0.492579363,0.368389856,0.216084243
8,26,3,1,3,4,150,0.7,0.15,1000,20258127,14.73740387,51,0.499559534,0.503470283,0.153998039
8,27,3,1,3,4,150,0.7,0.15,1000,20258128,15.00764775,38,0.352664021,0.223512919,0.412028995
8,28,3,1,3,4,150,0.7,0.15,1000,20258129,14.87904024,46,0.402760877,0.504747844,0.252031395
8,29,3,1,3,4,150,0.7,0.15,1000,20258130,14.86979938,46,0.270642473,0.228759498,0.412326847
9,0,3,2,4,3,150,0.8,0.2,500,20259101,14.93321085,81,0.357139438,0.249294069,0.370595624
9,1,3,2,4,3,150,0.8,0.2,500,20259102,15.12096548,94,0.361743265,0.259665383,0.416261414
9,2,3,2,4,3,150,0.8,0.2,500,20259103,14.86202192,63,0.52507669,0.42339226,0.154181874
9,3,3,2,4,3,150,0.8,0.2,500,20259104,14.82708836,28,0.406179273,0.426288325,0.243718739
9,4,3,2,4,3,150,0.8,0.2,500,20259105,15.09066057,58,0.383943242,0.261548985,0.362603658
9,5,3,2,4,3,150,0.8,0.2,500,20259106,14.79064894,19,0.406182235,0.226499504,0.362579463
9,6,3,2,4,3,150,0.8,0.2,500,20259107,14.91171432,51,0.330250504,0.132615215,0.4644053
9,7,3,2,4,3,150,0.8,0.2,500,20259108,15.03085256,45,0.455710592,0.331421764,0.267188372
9,8,3,2,4,3,150,0.8,0.2,500,20259109,15.10636282,72,0.484469603,0.35365039,0.244085654
9,9,3,2,4,3,150,0.8,0.2,500,20259110,14.9213202,76,0.363553868,0.192977209,0.394996745
9,10,3,2,4,3,150,0.8,0.2,500,20259111,15.15918636,90,0.244843994,0.198167232,0.484634156
9,11,3,2,4,3,150,0.8,0.2,500,20259112,14.8591001,46,0.337436835,0.250938754,0.361793502
9,12,3,2,4,3,150,0.8,0.2,500,20259113,14.87029195,59,0.293725091,0.128553468,0.466538734
9,13,3,2,4,3,150,0.8,0.2,500,20259114,14.92672706,56,0.465659791,0.384379464,0.399890437
9,14,3,2,4,3,150,0.8,0.2,500,20259115,14.92085767,48,0.365246618,0.275957024,0.381405322
9,15,3,2,4,3,150,0.8,0.2,500,20259116,14.74972606,69,0.251621824,0.267946007,0.467924132
9,16,3,2,4,3,150,0.8,0.2,500,20259117,14.94194913,76,0.514399396,0.414297731,0.195729053
9,17,3,2,4,3,150,0.8,0.2,500,20259118,14.89604831,101,0.293076278,0.389778332,0.355860898
9,18,3,2,4,3,150,0.8,0.2,500,20259119,15.05558729,66,0.354457357,0.344482279,0.288932685
9,19,3,2,4,3,150,0.8,0.2,500,20259120,14.92130637,69,0.381085198,0.239981669,0.346086051
9,20,3,2,4,3,150,0.8,0.2,500,20259121,14.87462783,99,0.372243313,0.416102576,0.221408698
9,21,3,2,4,3,150,0.8,0.2,500,20259122,15.10268521,28,0.400200291,0.302433801,0.312584777
9,22,3,2,4,3,150,0.8,0.2,500,20259123,15.05088019,28,0.513960584,0.37334787,0.184420416
9,23,3,2,4,3,150,0.8,0.2,500,20259124,14.98411584,59,0.359176502,0.298524798,0.295670626
9,24,3,2,4,3,150,0.8,0.2,500,20259125,15.06924748,140,0.328432667,0.261763716,0.318818637
9,25,3,2,4,3,150,0.8,0.2,500,20259126,14.90816474,41,0.462669992,0.418445614,0.227965944
9,26,3,2,4,3,150,0.8,0.2,500,20259127,15.06689143,42,0.391107754,0.23641276,0.366857109
9,27,3,2,4,3,150,0.8,0.2,500,20259128,14.76363802,47,0.434485057,0.381594662,0.236646736
9,28,3,2,4,3,150,0.8,0.2,500,20259129,14.91792488,66,0.358065553,0.175356865,0.472429277
9,29,3,2,4,3,150,0.8,0.2,500,20259130,14.62985969,4,0.411649555,0.098201542,0.603011619
10,0,3,3,1,2,150,0.9,0.05,300,20260101,15.0175674,41,0.490269253,0.413862536,0.163297146
10,1,3,3,1,2,150,0.9,0.05,300,20260102,15.02983618,31,0.444184827,0.329404756,0.227398967
10,2,3,3,1,2,150,0.9,0.05,300,20260103,15.12852788,32,0.77358878,0.650717492,0.042274533
10,3,3,3,1,2,150,0.9,0.05,300,20260104,14.99859929,32,0.36203025,0.326670295,0.295929331
10,4,3,3,1,2,150,0.9,0.05,300,20260105,15.01268029,45,0.437734827,0.313384352,0.336881834
10,5,3,3,1,2,150,0.9,0.05,300,20260106,15.15123844,37,0.600158969,0.514086835,0.102803932
10,6,3,3,1,2,150,0.9,0.05,300,20260107,15.55879617,21,0.615021932,0.617678657,0.106724692
10,7,3,3,1,2,150,0.9,0.05,300,20260108,15.3689754,82,0.385055201,0.266735855,0.380520619
10,8,3,3,1,2,150,0.9,0.05,300,20260109,14.92929769,44,0.475109326,0.386973546,0.229961013
10,9,3,3,1,2,150,0.9,0.05,300,20260110,15.31739569,34,0.413086693,0.309155855,0.34341147
10,10,3,3,1,2,150,0.9,0.05,300,20260111,15.01390338,40,0.770221257,0.669868899,0.039241316
10,11,3,3,1,2,150,0.9,0.05,300,20260112,14.76542425,22,0.32182592,0.245229112,0.381056709
10,12,3,3,1,2,150,0.9,0.05,300,20260113,15.2184763,27,0.481323491,0.448714269,0.182855823
10,13,3,3,1,2,150,0.9,0.05,300,20260114,15.08023071,28,0.586825956,0.405940464,0.108984261
10,14,3,3,1,2,150,0.9,0.05,300,20260115,15.20371652,54,0.511806018,0.580207285,0.103175095
10,15,3,3,1,2,150,0.9,0.05,300,20260116,15.23487282,71,0.373668988,0.199605292,0.377212462
10,16,3,3,1,2,150,0.9,0.05,300,20260117,14.98265147,20,0.433461594,0.186450141,0.480963199
10,17,3,3,1,2,150,0.9,0.05,300,20260118,14.92975354,68,0.475490887,0.639275893,0.235459704
10,18,3,3,1,2,150,0.9,0.05,300,20260119,15.03792048,22,0.364059815,0.205022891,0.360776844
10,19,3,3,1,2,150,0.9,0.05,300,20260120,14.9145689,24,0.185733551,0.158804816,0.531087817
10,20,3,3,1,2,150,0.9,0.05,300,20260121,14.82738566,64,0.433313676,0.400116648,0.286402151
10,21,3,3,1,2,150,0.9,0.05,300,20260122,14.83140278,27,0.77182179,0.557742723,0.025188779
10,22,3,3,1,2,150,0.9,0.05,300,20260123,15.04811096,19,0.382246186,0.167536113,0.372009299
10,23,3,3,1,2,150,0.9,0.05,300,20260124,15.49237132,208,0.459232706,0.383627232,0.186628777
10,24,3,3,1,2,150,0.9,0.05,300,20260125,14.87727237,41,0.341308156,0.280345898,0.346719551
10,25,3,3,1,2,150,0.9,0.05,300,20260126,14.47850823,9,0.417018477,0.101001743,0.491197902
10,26,3,3,1,2,150,0.9,0.05,300,20260127,14.79579735,38,0.48262229,0.561308312,0.232835737
10,27,3,3,1,2,150,0.9,0.05,300,20260128,15.00197411,32,0.420073156,0.543587411,0.363662926
10,28,3,3,1,2,150,0.9,0.05,300,20260129,15.07152891,42,0.507011791,0.316594198,0.193456282
10,29,3,3,1,2,150,0.9,0.05,300,20260130,15.10784173,19,0.339831619,0.297627386,0.331750846
11,0,3,4,2,1,150,0.95,0.1,100,20261101,14.99993372,83,0.332401403,0.282064657,0.369545715
11,1,3,4,2,1,150,0.95,0.1,100,20261102,15.20434093,66,0.356943564,0.177746871,0.434458158
11,2,3,4,2,1,150,0.95,0.1,100,20261103,15.17373943,22,0.457722133,0.277081534,0.249360969
11,3,3,4,2,1,150,0.95,0.1,100,20261104,15.18643975,35,0.331712619,0.270345461,0.339926813
11,4,3,4,2,1,150,0.95,0.1,100,20261105,14.86696935,23,0.493379175,0.548514378,0.209635549
11,5,3,4,2,1,150,0.95,0.1,100,20261106,15.0229373,41,0.381428826,0.379242536,0.333368078
11,6,3,4,2,1,150,0.95,0.1,100,20261107,14.94333601,80,0.399302662,0.343163967,0.227495972
11,7,3,4,2,1,150,0.95,0.1,100,20261108,14.85540175,28,0.233575625,0.221552395,0.50969854
11,8,3,4,2,1,150,0.95,0.1,100,20261109,14.84985542,41,0.295419893,0.078524755,0.507003921
11,9,3,4,2,1,150,0.95,0.1,100,20261110,14.94241095,69,0.344399608,0.198137545,0.410473117
11,10,3,4,2,1,150,0.95,0.1,100,20261111,15.34437633,45,0.515199167,0.280494016,0.244888393
11,11,3,4,2,1,150,0.95,0.1,100,20261112,14698.71114,113,0.496756857,0.400395366,0.167694231
11,12,3,4,2,1,150,0.95,0.1,100,20261113,22.38520312,72,0.367897296,0.20490797,0.376766624
11,13,3,4,2,1,150,0.95,0.1,100,20261114,15.38907409,62,0.369196813,0.234865345,0.408118958
11,14,3,4,2,1,150,0.95,0.1,100,20261115,15.46766233,27,0.332992235,0.304279233,0.41369915
11,15,3,4,2,1,150,0.95,0.1,100,20261116,14.06978798,6,0.477502684,0.230074178,0.277592174
11,16,3,4,2,1,150,0.95,0.1,100,20261117,15.37252283,45,0.365671671,0.303009314,0.293779778
11,17,3,4,2,1,150,0.95,0.1,100,20261118,15.39013672,34,0.468258581,0.342836099,0.217413239
11,18,3,4,2,1,150,0.95,0.1,100,20261119,15.51523376,59,0.301182761,0.231768473,0.413744757
11,19,3,4,2,1,150,0.95,0.1,100,20261120,19.18961573,69,0.225886195,0.230318294,0.531151808
11,20,3,4,2,1,150,0.95,0.1,100,20261121,15.70278049,39,0.332359794,0.147934136,0.428810944
11,21,3,4,2,1,150,0.95,0.1,100,20261122,15.1195302,39,0.450544537,0.364113465,0.199696351
11,22,3,4,2,1,150,0.95,0.1,100,20261123,15.34149909,25,0.607056109,0.518020227,0.13001276
11,23,3,4,2,1,150,0.95,0.1,100,20261124,15.40805435,80,0.299332093,0.290566408,0.387273429
11,24,3,4,2,1,150,0.95,0.1,100,20261125,15.52090931,49,0.202314426,0.14161283,0.559515296
11,25,3,4,2,1,150,0.95,0.1,100,20261126,15.39971423,53,0.327871088,0.23027514,0.416195532
11,26,3,4,2,1,150,0.95,0.1,100,20261127,15.00222206,28,0.537026115,0.469622906,0.173420687
11,27,3,4,2,1,150,0.95,0.1,100,20261128,15.03762078,44,0.428847993,0.342939344,0.278844105
11,28,3,4,2,1,150,0.95,0.1,100,20261129,15.21854949,33,0.334937062,0.167885308,0.437953321
11,29,3,4,2,1,150,0.95,0.1,100,20261130,15.1212523,31,0.451398884,0.367749969,0.266369205
12,0,4,1,4,2,200,0.7,0.2,300,20262101,21.70367408,40,0.294989029,0.162217802,0.52677509
12,1,4,1,4,2,200,0.7,0.2,300,20262102,21.68630743,118,0.364457861,0.350623259,0.271225722
12,2,4,1,4,2,200,0.7,0.2,300,20262103,21.81913877,49,0.343413968,0.128362067,0.499257539
12,3,4,1,4,2,200,0.7,0.2,300,20262104,21.75016809,75,0.289513996,0.317758882,0.418268423
12,4,4,1,4,2,200,0.7,0.2,300,20262105,21.5584383,138,0.206423219,0.18551805,0.565585784
12,5,4,1,4,2,200,0.7,0.2,300,20262106,21.56634831,63,0.360759754,0.272744263,0.30158329
12,6,4,1,4,2,200,0.7,0.2,300,20262107,21.61879778,82,0.365506301,0.250593551,0.367891844
12,7,4,1,4,2,200,0.7,0.2,300,20262108,21.64430737,51,0.366576274,0.164122663,0.39300246
12,8,4,1,4,2,200,0.7,0.2,300,20262109,21.91976213,85,0.200488805,0.195316368,0.70977218
12,9,4,1,4,2,200,0.7,0.2,300,20262110,21.54693556,55,0.274957347,0.283550203,0.460030112
12,10,4,1,4,2,200,0.7,0.2,300,20262111,21.47138143,91,0.416702052,0.240202887,0.319809662
12,11,4,1,4,2,200,0.7,0.2,300,20262112,21.78410482,72,0.328600791,0.234616532,0.394843453
12,12,4,1,4,2,200,0.7,0.2,300,20262113,21.81249571,69,0.252744995,0.058574169,0.65388253
12,13,4,1,4,2,200,0.7,0.2,300,20262114,22.3410604,59,0.450452683,0.394540714,0.229214189
12,14,4,1,4,2,200,0.7,0.2,300,20262115,24.01853776,52,0.480403977,0.403709337,0.230334297
12,15,4,1,4,2,200,0.7,0.2,300,20262116,23.07644606,35,0.362091651,0.145704777,0.470350608
12,16,4,1,4,2,200,0.7,0.2,300,20262117,22.08087707,39,0.348704206,0.120370608,0.447336398
12,17,4,1,4,2,200,0.7,0.2,300,20262118,22.43599129,86,0.311643649,0.223211374,0.361254363
12,18,4,1,4,2,200,0.7,0.2,300,20262119,24.96832991,175,0.202131444,0.198298714,0.595892159
12,19,4,1,4,2,200,0.7,0.2,300,20262120,22.60878396,31,0.417902358,0.432307033,0.276677396
12,20,4,1,4,2,200,0.7,0.2,300,20262121,23.75028944,61,0.313804837,0.218067453,0.482526416
12,21,4,1,4,2,200,0.7,0.2,300,20262122,23.65203547,118,0.268349916,0.115870179,0.41007758
12,22,4,1,4,2,200,0.7,0.2,300,20262123,24.7024827,114,0.581021679,0.454207027,0.163970901
12,23,4,1,4,2,200,0.7,0.2,300,20262124,22.22004294,28,0.46276596,0.474969526,0.227575738
12,24,4,1,4,2,200,0.7,0.2,300,20262125,22.02405834,29,0.40280451,0.352764355,0.303411367
12,25,4,1,4,2,200,0.7,0.2,300,20262126,21.64931679,70,0.28145602,0.231377059,0.529554479
12,26,4,1,4,2,200,0.7,0.2,300,20262127,21.8762629,71,0.266795572,0.220078253,0.457520697
12,27,4,1,4,2,200,0.7,0.2,300,20262128,21.79204535,65,0.335872531,0.251215008,0.417173401
12,28,4,1,4,2,200,0.7,0.2,300,20262129,23.02822113,107,0.377021428,0.505003271,0.302749549
12,29,4,1,4,2,200,0.7,0.2,300,20262130,23.16291165,67,0.489645358,0.508964396,0.224900578
13,0,4,2,3,1,200,0.8,0.15,100,20263101,22.84671903,155,0.380072533,0.214782944,0.292239781
13,1,4,2,3,1,200,0.8,0.15,100,20263102,22.62417054,27,0.357706071,0.143189704,0.506478855
13,2,4,2,3,1,200,0.8,0.15,100,20263103,21.67895746,38,0.359390391,0.104186955,0.504054149
13,3,4,2,3,1,200,0.8,0.15,100,20263104,21.91667581,35,0.319921042,0.233124605,0.375456849
13,4,4,2,3,1,200,0.8,0.15,100,20263105,21.96604657,101,0.307927962,0.157728332,0.572015551
13,5,4,2,3,1,200,0.8,0.15,100,20263106,21.64540863,93,0.430670751,0.350008226,0.268145304
13,6,4,2,3,1,200,0.8,0.15,100,20263107,21.76042843,47,0.449432158,0.386113649,0.23366295
13,7,4,2,3,1,200,0.8,0.15,100,20263108,21.81575465,56,0.508633897,0.481684493,0.164825798
13,8,4,2,3,1,200,0.8,0.15,100,20263109,21.70569873,37,0.450332059,0.338656381,0.263141291
13,9,4,2,3,1,200,0.8,0.15,100,20263110,21.58112979,83,0.278352087,0.231700244,0.570843897
13,10,4,2,3,1,200,0.8,0.15,100,20263111,21.79766345,37,0.426335198,0.382249049,0.300913935
13,11,4,2,3,1,200,0.8,0.15,100,20263112,21.52150631,97,0.414625191,0.392473558,0.274735587
13,12,4,2,3,1,200,0.8,0.15,100,20263113,22.00518274,148,0.372714023,0.343977209,0.301541653
13,13,4,2,3,1,200,0.8,0.15,100,20263114,23.61106133,236,0.40198926,0.346747917,0.226807069
13,14,4,2,3,1,200,0.8,0.15,100,20263115,21.95378733,30,0.317501942,0.273557153,0.346869093
13,15,4,2,3,1,200,0.8,0.15,100,20263116,22.097229,46,0.407862515,0.306585227,0.323828357
13,16,4,2,3,1,200,0.8,0.15,100,20263117,22.25925684,67,0.312011427,0.168047586,0.36024855
13,17,4,2,3,1,200,0.8,0.15,100,20263118,21.74695826,23,0.4196419,0.293520472,0.323606546
13,18,4,2,3,1,200,0.8,0.15,100,20263119,21.8008244,70,0.279243573,0.292114296,0.393646411
13,19,4,2,3,1,200,0.8,0.15,100,20263120,21.98608732,45,0.308588896,0.08404013,0.601859857
13,20,4,2,3,1,200,0.8,0.15,100,20263121,22.11391711,36,0.354958033,0.266125237,0.368113201
13,21,4,2,3,1,200,0.8,0.15,100,20263122,22.00735736,61,0.411322331,0.276245391,0.328150292
13,22,4,2,3,1,200,0.8,0.15,100,20263123,21.66748023,25,0.325194531,0.258408111,0.412749107
13,23,4,2,3,1,200,0.8,0.15,100,20263124,21.88555026,37,0.424182702,0.181804434,0.286063979
13,24,4,2,3,1,200,0.8,0.15,100,20263125,21.81540179,77,0.342724037,0.399437228,0.370044922
13,25,4,2,3,1,200,0.8,0.15,100,20263126,21.64738941,40,0.420989607,0.376987346,0.216344971
13,26,4,2,3,1,200,0.8,0.15,100,20263127,22.06215143,26,0.433551999,0.277701394,0.304817082
13,27,4,2,3,1,200,0.8,0.15,100,20263128,21.6837604,42,0.414467952,0.489613471,0.351577231
13,28,4,2,3,1,200,0.8,0.15,100,20263129,21.86127138,41,0.362900772,0.186337333,0.496385711
13,29,4,2,3,1,200,0.8,0.15,100,20263130,22.04645491,65,0.32918939,0.156857502,0.470882184
14,0,4,3,2,4,200,0.9,0.1,1000,20264101,21.64869857,98,0.363857905,0.354948447,0.292647994
14,1,4,3,2,4,200,0.9,0.1,1000,20264102,21.66463447,50,0.329114137,0.252638571,0.35953054
14,2,4,3,2,4,200,0.9,0.1,1000,20264103,22.26772499,54,0.409624821,0.336387189,0.251133595
14,3,4,3,2,4,200,0.9,0.1,1000,20264104,21.99946785,145,0.425870809,0.37322042,0.264267108
14,4,4,3,2,4,200,0.9,0.1,1000,20264105,21.9960115,57,0.371038505,0.191906517,0.463623999
14,5,4,3,2,4,200,0.9,0.1,1000,20264106,21.94926691,96,0.300934028,0.090402195,0.563707272
14,6,4,3,2,4,200,0.9,0.1,1000,20264107,22.5415504,180,0.319441752,0.162831529,0.527800637
14,7,4,3,2,4,200,0.9,0.1,1000,20264108,21.65892434,67,0.318939223,0.171193377,0.474004246
14,8,4,3,2,4,200,0.9,0.1,1000,20264109,22.19351554,39,0.475610564,0.349281564,0.234521438
14,9,4,3,2,4,200,0.9,0.1,1000,20264110,21.9996345,64,0.353877553,0.25927926,0.354205401
14,10,4,3,2,4,200,0.9,0.1,1000,20264111,21.8992002,105,0.516531894,0.461415139,0.159420058
14,11,4,3,2,4,200,0.9,0.1,1000,20264112,21.60710192,13,0.314705193,0.215715513,0.348502192
14,12,4,3,2,4,200,0.9,0.1,1000,20264113,21.79767156,28,0.395670475,0.437351128,0.236300407
14,13,4,3,2,4,200,0.9,0.1,1000,20264114,22.01405096,66,0.315967855,0.259207112,0.358855626
14,14,4,3,2,4,200,0.9,0.1,1000,20264115,22.02410388,58,0.518432247,0.418419269,0.184920482
14,15,4,3,2,4,200,0.9,0.1,1000,20264116,22.15820718,70,0.353217819,0.2222448,0.434938238
14,16,4,3,2,4,200,0.9,0.1,1000,20264117,21.58592892,39,0.290736085,0.199490386,0.565871957
14,17,4,3,2,4,200,0.9,0.1,1000,20264118,21.90768671,65,0.257399409,0.14808859,0.470107054
14,18,4,3,2,4,200,0.9,0.1,1000,20264119,21.39233208,14,0.31447597,0.22825705,0.34255699
14,19,4,3,2,4,200,0.9,0.1,1000,20264120,21.84491205,21,0.315294592,0.132404374,0.453376672
14,20,4,3,2,4,200,0.9,0.1,1000,20264121,21.87194848,72,0.295881237,0.218335744,0.62146271
14,21,4,3,2,4,200,0.9,0.1,1000,20264122,21.63773942,55,0.332613675,0.291332329,0.337598506
14,22,4,3,2,4,200,0.9,0.1,1000,20264123,22.07307553,61,0.333660569,0.243445351,0.392453063
14,23,4,3,2,4,200,0.9,0.1,1000,20264124,21.90378594,52,0.329352519,0.208521069,0.401204028
14,24,4,3,2,4,200,0.9,0.1,1000,20264125,21.41982913,3,0.545404965,0.016975641,0.528888154
14,25,4,3,2,4,200,0.9,0.1,1000,20264126,22.65327573,60,0.456015261,0.469733104,0.256331023
14,26,4,3,2,4,200,0.9,0.1,1000,20264127,23.25908089,59,0.357335581,0.209003996,0.420696854
14,27,4,3,2,4,200,0.9,0.1,1000,20264128,23.37603807,69,0.584689838,0.429125634,0.152840756
14,28,4,3,2,4,200,0.9,0.1,1000,20264129,22.54820848,47,0.364432612,0.30390215,0.358702846
14,29,4,3,2,4,200,0.9,0.1,1000,20264130,23.04973125,34,0.390054581,0.252867105,0.365146964
15,0,4,4,1,3,200,0.95,0.05,500,20265101,22.10410404,66,0.255553275,0.189677579,0.466386634
15,1,4,4,1,3,200,0.95,0.05,500,20265102,23.03940821,58,0.412360511,0.336302076,0.285069838
15,2,4,4,1,3,200,0.95,0.05,500,20265103,22.53783941,29,0.355957636,0.425322237,0.281425944
15,3,4,4,1,3,200,0.95,0.05,500,20265104,22.97076273,66,0.344007051,0.319324037,0.329996942
15,4,4,4,1,3,200,0.95,0.05,500,20265105,22.56616521,22,0.63523513,0.740563271,0.057070807
15,5,4,4,1,3,200,0.95,0.05,500,20265106,23.70342374,15,0.418719948,0.268542989,0.287735165
15,6,4,4,1,3,200,0.95,0.05,500,20265107,22.80313301,72,0.371838041,0.391587001,0.282930188
15,7,4,4,1,3,200,0.95,0.05,500,20265108,23.42279696,30,0.329245736,0.174797543,0.397890643
15,8,4,4,1,3,200,0.95,0.05,500,20265109,23.25939226,51,0.346762324,0.113038078,0.495051189
15,9,4,4,1,3,200,0.95,0.05,500,20265110,23.64793658,48,0.338735096,0.269675522,0.370347164
15,10,4,4,1,3,200,0.95,0.05,500,20265111,22.63719273,52,0.544048362,0.494085043,0.158135618
15,11,4,4,1,3,200,0.95,0.05,500,20265112,23.02861524,76,0.471953644,0.386867564,0.207223889
15,12,4,4,1,3,200,0.95,0.05,500,20265113,22.51520252,56,0.335121521,0.256800107,0.403814529
15,13,4,4,1,3,200,0.95,0.05,500,20265114,26.02773237,17,0.335451958,0.240157558,0.441985124
15,14,4,4,1,3,200,0.95,0.05,500,20265115,24.66356587,33,0.34660175,0.19431546,0.40207851
15,15,4,4,1,3,200,0.95,0.05,500,20265116,26.66672611,27,0.485191783,0.345341089,0.23203118
15,16,4,4,1,3,200,0.95,0.05,500,20265117,25.71761513,39,0.486365139,0.416581978,0.190750573
15,17,4,4,1,3,200,0.95,0.05,500,20265118,24.62117553,90,0.406683376,0.584930816,0.33873025
15,18,4,4,1,3,200,0.95,0.05,500,20265119,23.86501431,55,0.344003986,0.268080124,0.341395448
15,19,4,4,1,3,200,0.95,0.05,500,20265120,24.93637276,29,0.299428532,0.028106342,0.816085611
15,20,4,4,1,3,200,0.95,0.05,500,20265121,25.15693331,57,0.354893827,0.274624068,0.267636899
15,21,4,4,1,3,200,0.95,0.05,500,20265122,23.99894404,35,0.487293623,0.395109497,0.195808682
15,22,4,4,1,3,200,0.95,0.05,500,20265123,23.24915981,54,0.493583426,0.267509027,0.194343658
15,23,4,4,1,3,200,0.95,0.05,500,20265124,25.65868235,23,0.401903668,0.297228592,0.29065581
15,24,4,4,1,3,200,0.95,0.05,500,20265125,24.65576506,26,0.313578679,0.158404136,0.385878138
15,25,4,4,1,3,200,0.95,0.05,500,20265126,26.47217917,57,0.421377671,0.433800717,0.2675603
15,26,4,4,1,3,200,0.95,0.05,500,20265127,27.45781755,45,0.388374813,0.357109063,0.277577002
15,27,4,4,1,3,200,0.95,0.05,500,20265128,25.25650907,74,0.634323765,0.504966255,0.126084549
15,28,4,4,1,3,200,0.95,0.05,500,20265129,22.99349761,40,0.345136416,0.294910316,0.436167243
15,29,4,4,1,3,200,0.95,0.05,500,20265130,23.72735,38,0.370635213,0.252208317,0.294290496
